use Tollywood;
INSERT INTO directors (director_id, director_name, debut_year) VALUES
(1, 'S.S. Rajamouli', 2001),
(2, 'Trivikram Srinivas', 2002),
(3, 'Sukumar', 2004),
(4, 'Puri Jagannadh', 2000),
(5, 'Koratala Siva', 2013),
(6, 'V.V. Vinayak', 2002),
(7, 'Sekhar Kammula', 2000),
(8, 'Boyapati Srinu', 2005),
(9, 'Harish Shankar', 2011),
(10, 'Anil Ravipudi', 2015),
(11, 'Krish Jagarlamudi', 2008),
(12, 'Gautham Tinnanuri', 2017),
(13, 'Venky Kudumula', 2018),
(14, 'Sandeep Reddy Vanga', 2017),
(15, 'Sujeeth', 2014),
(16, 'Ram Gopal Varma', 1989),
(17, 'Krishna Vamsi', 1995);
INSERT INTO producers (producer_id, producer_name, company_name) VALUES
(1, 'Allu Aravind', 'Geetha Arts'),
(2, 'Dil Raju', 'Sri Venkateswara Creations'),
(3, 'Suresh Babu', 'Suresh Productions'),
(4, 'Mythri Movie Makers', 'Mythri Movie Makers'),
(5, 'B.V.S.N. Prasad', 'Sri Venkateswara Cine Chitra'),
(6, 'D.V.V. Danayya', 'DVV Entertainments'),
(7, 'Harika & Hassine Creations', 'Harika & Hassine Creations'),
(8, 'Ashwini Dutt', 'Vyjayanthi Movies'),
(9, 'Ram Achanta', '14 Reels Entertainment'),
(10, 'Gopichand Achanta', '14 Reels Plus'),
(11, 'Anil Sunkara', 'AK Entertainments'),
(12, 'Pranay Vanga', 'Bhadrakali Pictures'),
(13, 'Pramod Uppalapati', 'UV Creations'),
(14, 'Vamsi Krishna Reddy', 'UV Creations'),
(15, 'Sithara Entertainments', 'Sithara Entertainments'),
(16, 'Shobu Yarlagadda', 'Arka Media Works'),
(17, 'Nag Ashwin', 'Vyjayanthi Movies'),
(18, 'Ram Charan', 'Konidela Production Company'),
(19, 'Krishna Raju', 'Gopi Krishna Movies'),
(20, 'Bandla Ganesh', 'Parameswara Art Productions'),
(21, 'M. S. Raju', 'Sumanth Art Productions'),
(22, 'Nallamalupu Bujji', 'Sri Lakshmi Narasimha Productions'),
(23, 'PVP', 'PVP Cinema'),
(24, 'Vijay Deverakonda', 'King of the Hill Entertainment');
INSERT INTO movies (title, release_year, genre, budget_crores, imdb_rating, director_id, producer_id) VALUES
('RRR', 2022, 'Action', 550.00, 8.0, 1, 16),
('Pushpa: The Rise', 2021, 'Action', 200.00, 7.6, 3, 4),
('Ala Vaikunthapurramuloo', 2020, 'Drama', 100.00, 7.4, 2, 1),
('Arjun Reddy', 2017, 'Romance', 5.00, 8.1, 14, 12),
('Sarileru Neekevvaru', 2020, 'Action', 120.00, 6.1, 10, 6),
('Baahubali: The Beginning', 2015, 'Epic', 180.00, 8.1, 1, 16),
('Baahubali 2: The Conclusion', 2017, 'Epic', 250.00, 8.2, 1, 16),
('DJ Tillu', 2022, 'Comedy', 12.00, 7.2, 13, 15),
('iSmart Shankar', 2019, 'Sci-Fi', 20.00, 6.4, 4, 20),
('Jathi Ratnalu', 2021, 'Comedy', 5.00, 7.9, 10, 15),
('Rangasthalam', 2018, 'Drama', 60.00, 8.3, 3, 4),
('Gabbar Singh', 2012, 'Action', 30.00, 7.1, 9, 6),
('Pokiri', 2006, 'Action', 10.00, 8.0, 4, 21),
('Businessman', 2012, 'Action', 35.00, 6.9, 4, 20),
('Fidaa', 2017, 'Romance', 12.00, 7.4, 7, 2),
('Majili', 2019, 'Drama', 22.00, 7.2, 12, 5),
('Shyam Singha Roy', 2021, 'Drama', 30.00, 7.5, 12, 13),
('Konda Polam', 2021, 'Adventure', 18.00, 6.5, 11, 23),
('Acharya', 2022, 'Action', 140.00, 4.8, 5, 18),
('Goodachari', 2018, 'Spy', 6.00, 7.9, 15, 11),
('Eega', 2012, 'Fantasy', 30.00, 7.7, 1, 16),
('Khaleja', 2010, 'Action Comedy', 45.00, 7.4, 2, 7),
('Arya', 2004, 'Romance', 4.00, 7.9, 3, 1),
('Temper', 2015, 'Action', 40.00, 7.5, 4, 5),
('Janatha Garage', 2016, 'Action Drama', 70.00, 7.3, 5, 6),
('Tagore', 2003, 'Action Drama', 20.00, 8.1, 6, 21),
('Happy Days', 2007, 'Drama', 5.00, 8.2, 7, 3),
('Simha', 2010, 'Action', 25.00, 6.8, 8, 5),
('Gaddalakonda Ganesh', 2019, 'Action', 30.00, 6.7, 9, 11);
INSERT INTO actors (actor_name, gender, birth_year, debut_year) VALUES
('N.T. Rama Rao Jr.', 'Male', 1983, 2001),
('Ram Charan', 'Male', 1985, 2007),
('Allu Arjun', 'Male', 1982, 2003),
('Mahesh Babu', 'Male', 1975, 1999),
('Vijay Deverakonda', 'Male', 1989, 2011),
('Pawan Kalyan', 'Male', 1971, 1996),
('Prabhas', 'Male', 1979, 2002),
('Ravi Teja', 'Male', 1968, 1990),
('Nani', 'Male', 1984, 2008),
('Sai Dharam Tej', 'Male', 1986, 2014),
('Shruti Haasan', 'Female', 1986, 2009),
('Rakul Preet Singh', 'Female', 1990, 2013),
('Samantha Ruth Prabhu', 'Female', 1987, 2010),
('Rashmika Mandanna', 'Female', 1996, 2016),
('Pooja Hegde', 'Female', 1990, 2012),
('Anupama Parameswaran', 'Female', 1996, 2015),
('Keerthy Suresh', 'Female', 1992, 2013),
('Tamannaah Bhatia', 'Female', 1989, 2005),
('Kajal Aggarwal', 'Female', 1985, 2004),
('Ileana D''Cruz', 'Female', 1987, 2006),
('Sai Pallavi', 'Female', 1992, 2015),
('Nithiin', 'Male', 1983, 2002),
('Naga Chaitanya', 'Male', 1986, 2009),
('Genelia D''Souza', 'Female', 1987, 2003),
('Anushka Shetty', 'Female', 1981, 2005),
('Rana Daggubati', 'Male', 1984, 2010),
('Mehreen Pirzada', 'Female', 1995, 2016),
('Naveen Polishetty', 'Male', 1989, 2014),
('Lavanya Tripathi', 'Female', 1990, 2012),
('Shraddha Srinath', 'Female', 1990, 2015);
INSERT INTO movie_actors (movie_id, actor_id, role) VALUES
(1, 1, 'Komaram Bheem'),
(1, 2, 'Alluri Sitarama Raju'),
(2, 3, 'Pushpa Raj'),
(2, 14, 'Srivalli'),
(3, 3, 'Bantu'),
(3, 15, 'Amulya'),
(4, 5, 'Arjun Reddy'),
(4, 29, 'Preethi'),
(5, 4, 'Ajay Krishna'),
(5, 11, 'Bharathi'),
(6, 7, 'Shivudu'),
(6, 24, 'Devasena'),
(7, 7, 'Mahendra Baahubali'),
(7, 24, 'Devasena'),
(8, 27, 'Tillu'),
(8, 28, 'Radhika'),
(9, 8, 'Shankar'),
(9, 18, 'Chandni'),
(10, 27, 'Srikanth'),
(10, 26, 'Chitti'),
(11, 2, 'Chitti Babu'),
(11, 13, 'Rama Lakshmi'),
(12, 6, 'Gabbar Singh'),
(12, 11, 'Bhagyalakshmi'),
(13, 4, 'Pandugadu'),
(13, 19, 'Shruti'),
(14, 4, 'Surya Bhai'),
(14, 18, 'Chitra'),
(15, 9, 'Varun'),
(15, 13, 'Bhanumathi'),
(16, 22, 'Poorna'),
(16, 12, 'Sravani'),
(17, 9, 'Vasu'),
(17, 16, 'Rosie'),
(18, 2, 'Acharya'),
(18, 1, 'Siddha'),
(19, 27, 'Arjun'),
(19, 29, 'Sameera Rao'),
(20, 7, 'Nani'),
(20, 20, 'Bindu'),
(21, 4, 'Raju'),
(21, 15, 'Subhashini'),
(22, 3, 'Arya'),
(22, 18, 'Geetha'),
(23, 1, 'Daya'),
(23, 11, 'Shanvi'),
(24, 1, 'Anand'),
(24, 11, 'Satyabhama'),
(25, 6, 'Ravindra'),
(25, 13, 'Gauri'),
(26, 9, 'Sreenu'),
(26, 15, 'Sandhya'),
(27, 2, 'Ganesh'),
(27, 25, 'Nandini');
INSERT INTO box_office (movie_id, opening_collection_crores, total_collection_crores, verdict) VALUES
(1, 134.00, 1200.00, 'Blockbuster'),
(2, 45.00, 350.00, 'Blockbuster'),
(3, 30.00, 260.00, 'Blockbuster'),
(4, 2.50, 50.00, 'Hit'),
(5, 47.00, 200.00, 'Hit'),
(6, 60.00, 650.00, 'Blockbuster'),
(7, 122.00, 1800.00, 'All Time Blockbuster'),
(8, 2.00, 30.00, 'Hit'),
(9, 6.50, 35.00, 'Hit'),
(10, 2.80, 70.00, 'Blockbuster'),
(11, 20.00, 210.00, 'Blockbuster'),
(12, 6.00, 100.00, 'Super Hit'),
(13, 5.00, 66.00, 'Super Hit'),
(14, 7.00, 45.00, 'Average'),
(15, 4.00, 50.00, 'Super Hit'),
(16, 6.00, 45.00, 'Hit'),
(17, 3.50, 35.00, 'Average'),
(18, 40.00, 75.00, 'Flop'),
(19, 1.00, 25.00, 'Hit'),
(20, 4.00, 125.00, 'Super Hit'),
(21, 6.00, 70.00, 'Hit'),
(22, 1.50, 30.00, 'Hit'),
(23, 7.00, 80.00, 'Super Hit'),
(24, 8.00, 82.00, 'Hit'),
(25, 3.00, 75.00, 'Hit'),
(26, 2.00, 35.00, 'Average'),
(27, 3.20, 38.00, 'Average');


